{
    "naive": {
        "MAE": 25.86013986013986,
        "MAPE": 9.019447701311435,
        "sMAPE": 9.045083410831191
    },
    "seasonal_naive": {
        "MAE": 32.03030303030303,
        "MAPE": 11.248712641568419,
        "sMAPE": 12.078812310463734
    },
    "moving_average": {
        "MAE": 36.14420803782506,
        "MAPE": 12.250293284704238,
        "sMAPE": 12.045299192357085
    }
}
